,date,close,open,high,low,volume
0,2018-12-21,173.0,172.0,174.5,171.0,4764301.0
1,2018-12-24,172.5,171.5,173.5,171.5,1757581.0
2,2018-12-25,171.0,171.0,172.5,170.5,2548195.0
3,2018-12-26,170.5,171.0,172.5,169.5,3089729.0
4,2018-12-27,169.5,173.0,174.0,169.5,5426114.0
5,2018-12-28,172.5,169.5,172.5,169.5,2470997.0
6,2019-01-02,173.5,173.0,174.5,171.5,3225812.0
7,2019-01-03,172.5,174.0,176.0,172.5,5778461.0
8,2019-01-04,177.0,172.5,178.0,172.5,7426343.0
9,2019-01-07,177.0,178.0,178.0,176.5,3662788.0
10,2019-01-08,177.5,177.0,178.0,176.5,2416604.0
11,2019-01-09,178.5,178.0,179.0,177.0,4437585.0
12,2019-01-10,174.0,178.5,178.5,172.5,8216013.0
13,2019-01-11,169.0,173.5,174.0,167.5,19250731.0
14,2019-01-14,169.0,167.0,171.0,166.0,7808477.0
15,2019-01-15,172.0,170.0,172.5,169.5,5213082.0
16,2019-01-16,171.5,172.5,172.5,169.0,7528520.0
17,2019-01-17,171.0,170.0,171.5,169.5,4141426.0
18,2019-01-18,172.0,170.5,172.5,170.0,4060784.0
19,2019-01-21,172.0,172.5,173.5,171.5,2809225.0
20,2019-01-22,171.5,170.5,171.5,169.5,4517404.0
21,2019-01-23,175.0,171.0,175.5,171.0,10441109.0
22,2019-01-24,177.0,174.5,177.0,173.5,8873832.0
23,2019-01-25,177.0,177.5,177.5,175.0,3417523.0
24,2019-01-28,177.5,177.5,179.0,176.0,4649200.0
25,2019-01-29,179.5,177.0,179.5,177.0,9127126.0
26,2019-01-30,179.0,179.5,180.5,178.0,7553464.0
27,2019-01-31,178.5,180.0,180.5,178.5,5138608.0
28,2019-02-01,180.0,179.5,180.5,179.0,3860163.0
29,2019-02-04,180.0,180.0,180.5,178.5,1945088.0
30,2019-02-05,179.5,179.5,180.5,178.5,2046438.0
31,2019-02-06,180.0,180.0,180.0,179.0,2945301.0
32,2019-02-07,183.5,180.0,185.0,179.0,16662707.0
33,2019-02-08,188.0,184.0,188.0,182.0,16344558.0
34,2019-02-11,181.0,183.5,184.0,181.0,12060149.0
35,2019-02-12,181.0,180.5,183.5,180.5,6323357.0
36,2019-02-13,182.0,182.0,182.5,181.0,4216180.0
37,2019-02-14,184.5,183.5,185.5,182.5,9067931.0
38,2019-02-15,183.5,184.0,184.0,182.5,3517897.0
39,2019-02-18,183.5,184.5,184.5,182.5,5438828.0
40,2019-02-20,177.5,179.0,179.5,177.0,11934727.0
41,2019-02-21,178.0,177.5,180.0,177.0,6627627.0
42,2019-02-22,178.5,178.0,178.5,177.0,6809417.0
43,2019-02-25,179.5,179.5,181.0,179.0,7658424.0
44,2019-02-26,183.5,179.5,184.0,178.5,10753155.0
45,2019-02-27,182.5,183.5,184.0,182.0,4964211.0
46,2019-02-28,182.0,183.0,185.0,181.5,7405776.0
47,2019-03-01,182.5,183.0,183.5,182.0,4811900.0
48,2019-03-04,181.0,183.0,183.0,179.0,6023406.0
49,2019-03-05,181.0,180.5,182.0,180.5,2789140.0
50,2019-03-06,179.0,181.0,182.5,178.5,5251544.0
51,2019-03-07,180.0,178.5,181.0,178.5,4059222.0
52,2019-03-08,179.5,179.5,180.0,178.5,2099698.0
53,2019-03-11,179.0,180.0,181.0,179.0,1951489.0
54,2019-03-12,179.5,179.5,180.0,178.5,3084365.0
55,2019-03-13,181.0,179.0,181.0,178.5,4313506.0
56,2019-03-14,180.5,181.5,182.0,180.5,2275241.0
57,2019-03-15,180.5,181.0,181.0,179.0,3892353.0
58,2019-03-18,180.5,181.0,181.0,179.5,2024463.0
59,2019-03-19,182.0,181.0,182.5,180.5,2869629.0
60,2019-03-20,182.5,182.0,184.0,181.5,5563802.0
61,2019-03-21,184.5,183.0,184.5,182.5,4368923.0
62,2019-03-22,186.0,184.5,186.0,183.0,6100468.0
63,2019-03-25,181.5,182.0,183.5,180.0,5852349.0
64,2019-03-26,182.0,181.0,183.0,180.5,3428752.0
65,2019-03-27,182.5,182.0,184.5,182.0,3806399.0
66,2019-03-28,184.5,182.0,185.0,181.5,4402166.0
67,2019-03-29,184.0,185.0,185.5,184.0,3384015.0
68,2019-04-01,185.0,185.0,186.0,184.5,3078555.0
69,2019-04-02,186.5,185.5,186.5,185.0,3614366.0
70,2019-04-03,186.5,187.0,187.0,184.5,2117093.0
71,2019-04-04,185.5,186.5,186.5,184.0,3090695.0
72,2019-04-05,186.0,185.5,187.0,185.0,2744225.0
73,2019-04-09,187.5,186.0,188.0,186.0,4899015.0
74,2019-04-10,191.0,188.0,191.5,188.0,7233846.0
75,2019-04-11,190.5,190.0,192.0,189.5,6159653.0
76,2019-04-12,191.0,190.0,191.5,189.5,2734722.0
77,2019-04-17,192.5,192.0,193.5,191.0,4312022.0
78,2019-04-18,191.5,193.0,193.0,190.0,3947698.0
79,2019-04-19,190.0,191.5,192.5,190.0,1757719.0
80,2019-04-22,188.0,190.5,191.0,188.0,3295473.0
81,2019-04-23,189.0,188.0,190.5,188.0,3397016.0
82,2019-04-24,192.0,188.5,192.0,188.0,6944500.0
83,2019-04-25,190.0,190.5,192.0,190.0,2815782.0
84,2019-04-26,188.5,190.0,190.0,187.0,7491858.0
85,2019-04-29,189.0,188.0,190.0,188.0,2939296.0
86,2019-04-30,190.0,189.5,191.5,189.0,3540310.0
87,2019-05-02,190.5,190.0,192.0,190.0,2426667.0
88,2019-05-03,190.0,189.5,191.0,189.5,1856312.0
89,2019-05-07,188.5,189.0,190.5,188.0,5684170.0
90,2019-05-08,189.0,188.0,190.5,187.5,4148022.0
91,2019-05-09,189.0,190.0,191.0,188.5,2542913.0
92,2019-05-10,190.0,191.0,191.0,188.0,5291500.0
93,2019-05-13,188.5,189.0,189.5,188.0,2126605.0
94,2019-05-14,187.5,188.5,190.0,187.5,5502444.0
95,2019-05-15,186.5,187.5,188.5,186.5,2803832.0
96,2019-05-16,186.5,186.5,188.0,185.5,6212753.0
97,2019-05-17,186.0,187.5,187.5,185.5,3308151.0
98,2019-05-21,190.0,189.0,191.0,189.0,7305860.0
99,2019-05-22,190.0,191.0,191.0,188.5,3917411.0
100,2019-05-23,189.0,189.0,191.0,188.5,3972563.0
101,2019-05-24,190.5,189.0,191.0,187.0,5012484.0
102,2019-05-27,189.5,191.0,191.0,189.0,2667736.0
103,2019-05-28,192.0,189.5,192.0,188.5,19228828.0
104,2019-05-29,192.0,191.5,192.0,190.0,3644711.0
105,2019-05-30,192.0,192.0,192.5,191.0,3009782.0
106,2019-05-31,193.0,192.5,193.5,191.0,5631335.0
107,2019-06-04,193.5,194.5,196.5,193.5,8967995.0
108,2019-06-05,195.0,194.5,196.0,194.0,4789564.0
109,2019-06-06,194.5,194.0,194.5,193.0,3496444.0
110,2019-06-07,194.5,195.0,195.0,193.5,1815397.0
111,2019-06-10,195.5,196.0,196.0,194.5,2923216.0
112,2019-06-11,196.0,195.5,196.5,195.0,3902648.0
113,2019-06-12,197.5,196.0,197.5,195.0,3748455.0
114,2019-06-13,199.0,197.5,199.0,196.5,6504716.0
115,2019-06-14,198.5,198.0,198.5,196.5,3545227.0
116,2019-06-17,196.5,198.0,199.0,196.5,2660772.0
117,2019-06-18,199.0,196.0,199.5,196.0,4483044.0
118,2019-06-19,203.0,200.0,203.0,200.0,5906992.0
119,2019-06-20,204.0,203.0,205.0,201.0,7708804.0
120,2019-06-21,206.0,205.0,206.0,203.0,6574856.0
121,2019-06-24,205.0,206.0,207.0,204.0,2187698.0
122,2019-06-25,207.0,203.0,207.0,201.0,6793753.0
123,2019-06-26,206.0,205.0,208.0,205.0,6280603.0
124,2019-06-27,214.0,208.0,214.0,207.0,13465106.0
125,2019-06-28,218.0,215.0,218.0,213.0,10327028.0
126,2019-07-01,213.0,219.0,220.0,213.0,9047982.0
127,2019-07-02,212.0,213.0,214.0,211.0,5424492.0
128,2019-07-03,213.0,211.0,214.0,211.0,4495065.0
129,2019-07-04,212.0,213.0,215.0,210.0,5611112.0
130,2019-07-05,211.0,211.0,212.0,207.0,7218353.0
131,2019-07-08,212.0,210.0,214.0,208.0,6420191.0
132,2019-07-09,212.0,211.0,213.0,211.0,4564417.0
133,2019-07-10,217.0,213.0,217.0,212.0,7440106.0
134,2019-07-11,216.0,217.0,218.0,214.0,4528449.0
135,2019-07-12,212.0,216.0,217.0,211.0,6591527.0
136,2019-07-15,215.0,211.0,217.0,210.0,3805118.0
137,2019-07-17,216.0,213.0,218.0,213.0,4958549.0
138,2019-07-18,215.0,215.0,217.0,214.0,4312409.0
139,2019-07-19,218.0,217.0,218.0,215.0,3773032.0
140,2019-07-22,216.0,218.0,220.0,216.0,8593293.0
141,2019-07-23,213.0,215.0,217.0,211.0,6053049.0
142,2019-07-24,216.0,213.0,216.0,211.0,4140468.0
143,2019-07-25,215.0,216.0,216.0,213.0,2381691.0
144,2019-07-26,213.0,214.0,215.0,212.0,3072580.0
145,2019-07-30,214.0,214.0,216.0,213.0,3417337.0
146,2019-07-31,213.0,214.0,216.0,213.0,3792384.0
147,2019-08-01,212.0,212.0,214.0,210.0,4900701.0
148,2019-08-02,212.0,210.0,212.0,209.0,6596488.0
149,2019-08-05,206.0,210.0,211.0,205.0,6836795.0
150,2019-08-06,215.0,205.0,216.0,205.0,11722191.0
151,2019-08-07,220.0,217.0,220.0,215.0,11051970.0
152,2019-08-08,219.0,220.0,222.0,217.0,7414259.0
153,2019-08-09,221.0,220.0,222.0,218.0,8540124.0
154,2019-08-13,223.0,220.0,226.0,220.0,10460035.0
155,2019-08-14,224.0,225.0,226.0,220.0,6982032.0
156,2019-08-15,216.0,219.0,219.0,215.0,14057103.0
157,2019-08-16,218.0,214.0,219.0,212.0,8535244.0
158,2019-08-19,218.0,218.0,220.0,217.0,5322794.0
159,2019-08-20,224.0,223.0,224.0,220.0,6955313.0
160,2019-08-21,228.0,225.0,229.0,221.0,8632790.0
161,2019-08-22,230.0,225.0,230.0,224.0,8627281.0
162,2019-08-23,232.0,231.0,233.0,229.0,5863278.0
163,2019-08-26,232.0,227.0,232.0,225.0,6345821.0
164,2019-08-27,229.0,232.0,232.0,226.0,9500826.0
165,2019-08-28,230.0,231.0,232.0,228.0,4055314.0
166,2019-08-29,231.0,230.0,231.0,227.0,4097328.0
167,2019-08-30,232.0,231.0,232.0,228.0,4895674.0
168,2019-09-02,228.0,230.0,232.0,228.0,2905683.0
169,2019-09-03,230.0,231.0,235.0,230.0,6992052.0
170,2019-09-04,234.0,233.0,236.0,232.0,7332561.0
171,2019-09-05,237.0,237.0,238.0,234.0,6655050.0
172,2019-09-06,235.0,238.0,238.0,235.0,4319322.0
173,2019-09-09,235.0,236.0,238.0,234.0,3426329.0
174,2019-09-10,228.0,235.0,236.0,227.0,7842041.0
175,2019-09-11,229.0,228.0,230.0,224.0,9794264.0
176,2019-09-12,221.0,229.0,229.0,220.0,12395617.0
177,2019-09-13,223.0,222.0,226.0,222.0,7316695.0
178,2019-09-16,223.0,222.0,224.0,221.0,7205593.0
179,2019-09-17,225.0,223.0,228.0,222.0,13220554.0
180,2019-09-18,229.0,227.0,229.0,226.0,9323909.0
181,2019-09-19,224.0,230.0,233.0,223.0,10997875.0
182,2019-09-20,222.0,224.0,226.0,222.0,7571320.0
183,2019-09-23,211.0,221.0,221.0,211.0,13881305.0
184,2019-09-24,218.0,212.0,218.0,212.0,10149692.0
185,2019-09-25,215.0,219.0,219.0,215.0,5995036.0
186,2019-09-26,220.0,219.0,221.0,218.0,12088469.0
187,2019-09-27,221.0,221.0,222.0,217.0,6610465.0
188,2019-09-30,220.0,222.0,222.0,219.0,3537730.0
189,2019-10-01,219.0,222.0,224.0,218.0,7315145.0
190,2019-10-02,220.0,217.0,221.0,217.0,6180080.0
191,2019-10-03,221.0,221.0,222.0,219.0,3320263.0
192,2019-10-04,224.0,222.0,225.0,220.0,7845592.0
193,2019-10-07,222.0,227.0,228.0,221.0,5691377.0
194,2019-10-08,226.0,224.0,226.0,223.0,3651018.0
195,2019-10-09,228.0,225.0,228.0,224.0,3585217.0
196,2019-10-10,226.0,229.0,229.0,225.0,2863962.0
197,2019-10-11,229.0,228.0,230.0,226.0,4059398.0
198,2019-10-15,234.0,230.0,235.0,229.0,5557068.0
199,2019-10-16,236.0,235.0,237.0,232.0,5109907.0
200,2019-10-17,230.0,238.0,238.0,228.0,10451262.0
201,2019-10-18,231.0,230.0,232.0,229.0,4340996.0
202,2019-10-21,233.0,231.0,233.0,229.0,3109594.0
203,2019-10-22,231.0,232.0,233.0,229.0,3603174.0
204,2019-10-24,233.0,233.0,235.0,231.0,5183433.0
205,2019-10-25,232.0,233.0,234.0,230.0,6385634.0
206,2019-10-28,232.0,232.0,235.0,232.0,3980477.0
207,2019-10-29,238.0,232.0,238.0,232.0,8084828.0
208,2019-10-30,238.0,239.0,239.0,234.0,5116287.0
209,2019-10-31,229.0,239.0,240.0,227.0,11929219.0
210,2019-11-01,225.0,230.0,231.0,224.0,10050452.0
211,2019-11-04,231.0,227.0,232.0,225.0,6466328.0
212,2019-11-05,232.0,233.0,234.0,230.0,5312032.0
213,2019-11-06,229.0,232.0,232.0,226.0,7829218.0
214,2019-11-07,232.0,230.0,234.0,229.0,7769865.0
215,2019-11-08,230.0,232.0,232.0,229.0,4376891.0
216,2019-11-11,228.0,229.0,230.0,228.0,3696040.0
217,2019-11-12,233.0,230.0,236.0,229.0,8850033.0
218,2019-11-13,233.0,233.0,235.0,230.0,5052567.0
219,2019-11-14,232.0,235.0,235.0,231.0,5900662.0
220,2019-11-15,231.0,232.0,232.0,229.0,4866988.0
221,2019-11-18,230.0,231.0,232.0,230.0,3547294.0
222,2019-11-19,227.0,230.0,232.0,226.0,10423600.0
223,2019-11-20,227.0,225.0,229.0,224.0,8322176.0
224,2019-11-21,220.0,226.0,227.0,217.0,13169228.0
225,2019-11-22,220.0,220.0,222.0,217.0,9305519.0
226,2019-11-25,224.0,222.0,225.0,221.0,4448028.0
227,2019-11-26,221.0,227.0,227.0,221.0,9988505.0
228,2019-11-27,219.0,222.0,223.0,217.0,9714815.0
229,2019-11-28,219.0,220.0,221.0,217.0,6957308.0
230,2019-11-29,212.0,218.0,218.0,210.0,12959700.0
231,2019-12-02,207.0,212.0,212.0,205.0,16606154.0
232,2019-12-03,211.0,204.0,212.0,202.0,11709732.0
233,2019-12-04,214.0,212.0,215.0,209.0,7874935.0
234,2019-12-06,212.0,217.0,217.0,211.0,5963906.0
235,2019-12-09,214.0,212.0,215.0,210.0,4686649.0
236,2019-12-11,212.0,216.0,216.0,210.0,9648522.0
237,2019-12-12,213.0,214.0,215.0,211.0,5718846.0
238,2019-12-13,209.0,213.0,214.0,207.0,8964663.0
239,2019-12-16,208.0,209.0,212.0,208.0,5097373.0
240,2019-12-17,210.0,208.0,211.0,208.0,6431787.0
241,2019-12-18,218.0,212.0,218.0,211.0,10661996.0
242,2019-12-19,220.0,216.0,220.0,215.0,8110954.0
243,2019-12-20,216.0,221.0,221.0,215.0,7796430.0
244,2019-12-23,220.0,218.0,221.0,217.0,7168019.0
245,2019-12-24,215.0,220.0,221.0,214.0,6926845.0
246,2019-12-25,215.0,213.0,216.0,212.0,2424030.0
247,2019-12-26,215.0,216.0,216.0,214.0,1685480.0
248,2019-12-27,214.0,216.0,216.0,213.0,3996999.0
249,2019-12-30,213.0,215.0,216.0,213.0,2671391.0
250,2020-01-02,218.0,214.0,219.0,212.0,5922302.0
251,2020-01-03,216.0,216.0,217.0,215.0,4427554.0
252,2020-01-06,217.0,216.0,220.0,216.0,5148227.0
253,2020-01-07,223.0,218.0,224.0,217.0,7248350.0
254,2020-01-08,220.0,221.0,223.0,219.0,6769119.0
255,2020-01-09,218.0,222.0,223.0,217.0,8962651.0
256,2020-01-10,214.0,219.0,220.0,211.0,10180170.0
257,2020-01-13,213.0,215.0,215.0,209.0,8902377.0
258,2020-01-14,213.0,214.0,216.0,212.0,5865391.0
259,2020-01-15,213.0,212.0,214.0,210.0,5294597.0
260,2020-01-16,213.0,213.0,214.0,211.0,4053713.0
261,2020-01-17,217.0,215.0,219.0,214.0,9184288.0
262,2020-01-20,217.0,217.0,218.0,214.0,3719139.0
263,2020-01-21,219.0,219.0,220.0,217.0,4146338.0
264,2020-01-22,219.0,219.0,220.0,215.0,6313553.0
265,2020-01-23,218.0,218.0,219.0,216.0,4145256.0
266,2020-01-24,223.0,219.0,223.0,218.0,4794380.0
267,2020-01-27,216.0,221.0,223.0,216.0,6309737.0
268,2020-01-28,216.0,217.0,218.0,214.0,4915839.0
269,2020-01-29,214.0,217.0,218.0,211.0,8108918.0
270,2020-01-30,203.0,204.0,208.0,201.0,21035370.0
271,2020-01-31,204.0,204.0,207.0,204.0,8815656.0
272,2020-02-03,205.0,205.0,208.0,204.0,4908567.0
273,2020-02-04,208.0,207.0,208.0,205.0,6534150.0
274,2020-02-05,210.0,209.0,210.0,206.0,6770444.0
275,2020-02-06,204.0,209.0,210.0,203.0,7939717.0
276,2020-02-07,199.5,205.0,205.0,197.0,20799209.0
277,2020-02-11,196.5,201.0,202.0,195.5,10068522.0
278,2020-02-12,200.0,200.0,201.0,197.5,10341851.0
279,2020-02-13,198.0,200.0,201.0,197.5,5218799.0
280,2020-02-14,204.0,199.5,204.0,199.0,8613690.0
281,2020-02-17,214.0,210.0,215.0,208.0,15159585.0
282,2020-02-18,213.0,213.0,215.0,212.0,9830955.0
283,2020-02-19,210.0,210.0,211.0,208.0,11858061.0
284,2020-02-20,206.0,211.0,211.0,204.0,8472408.0
285,2020-02-21,211.0,204.0,211.0,204.0,6609641.0
286,2020-02-24,206.0,207.0,211.0,206.0,8292500.0
287,2020-02-25,207.0,207.0,210.0,204.0,9126872.0
288,2020-02-26,197.0,206.0,207.0,197.0,12849357.0
289,2020-02-27,204.0,199.0,205.0,197.5,8732289.0
290,2020-02-28,200.0,198.0,202.0,197.0,13858011.0
291,2020-03-02,197.5,202.0,202.0,193.5,12784835.0
292,2020-03-03,201.0,196.0,201.0,195.0,11244296.0
293,2020-03-04,199.5,199.0,202.0,198.5,8584843.0
294,2020-03-05,199.5,200.0,202.0,199.5,7223706.0
295,2020-03-06,196.0,198.0,198.5,195.5,10237118.0
296,2020-03-09,188.5,193.5,198.5,187.0,11623311.0
297,2020-03-10,191.5,188.5,192.5,188.0,7059092.0
298,2020-03-11,185.0,190.0,190.5,170.0,14820572.0
299,2020-03-12,173.5,175.0,178.0,168.0,18802761.0
300,2020-03-13,177.5,161.5,185.0,156.5,21617930.0
301,2020-03-16,171.5,166.0,182.0,165.5,14233466.0
302,2020-03-17,172.5,171.5,179.0,171.0,13607293.0
303,2020-03-18,180.0,174.0,184.5,172.5,17595325.0
304,2020-03-19,190.0,177.0,192.0,176.0,18092066.0
305,2020-03-20,197.5,194.5,201.0,193.0,20499229.0
306,2020-03-23,188.0,192.0,196.5,188.0,12725013.0
307,2020-03-24,194.0,193.0,195.5,191.5,16099235.0
308,2020-03-25,202.0,201.0,208.0,197.0,18563356.0
309,2020-03-26,202.0,202.0,203.0,198.5,12057887.0
310,2020-03-27,199.0,204.0,206.0,195.5,15319680.0
311,2020-03-30,198.0,195.0,201.0,195.0,8981689.0
312,2020-03-31,201.0,202.0,203.0,200.0,6032048.0
313,2020-04-01,195.5,200.0,202.0,194.5,11910960.0
314,2020-04-02,199.0,197.0,200.0,196.0,8405117.0
315,2020-04-03,195.0,200.0,200.0,195.0,8758024.0
316,2020-04-07,195.0,199.0,199.5,195.0,17023176.0
317,2020-04-08,187.5,193.0,193.5,186.5,24294939.0
318,2020-04-09,191.0,189.0,192.5,188.0,14725017.0
319,2020-04-10,192.5,191.0,194.0,191.0,6680884.0
320,2020-04-13,194.5,193.0,195.0,192.0,5386883.0
321,2020-04-14,191.5,196.0,196.5,189.5,12490116.0
322,2020-04-15,190.0,190.0,192.0,189.5,5377602.0
323,2020-04-16,188.5,189.0,190.5,188.0,6535844.0
324,2020-04-17,195.0,191.0,195.0,190.0,10173236.0
325,2020-04-20,194.5,194.0,195.5,192.5,10967607.0
326,2020-04-21,195.5,193.0,196.5,193.0,7034388.0
327,2020-04-22,202.0,195.0,202.0,194.5,14251683.0
328,2020-04-23,199.5,201.0,202.0,198.0,8063391.0
329,2020-04-24,198.5,199.0,200.0,197.0,7118036.0
330,2020-04-27,200.0,199.0,201.0,197.5,5403435.0
331,2020-04-28,199.5,199.0,201.0,198.0,5501244.0
332,2020-04-29,201.0,199.5,201.0,199.0,3032059.0
333,2020-04-30,198.0,202.0,202.0,198.0,7360450.0
334,2020-05-05,198.5,197.5,199.0,197.0,4137620.0
335,2020-05-07,197.5,197.5,199.5,197.0,6367865.0
336,2020-05-08,193.5,197.0,198.5,193.0,11350661.0
337,2020-05-11,193.5,194.0,195.5,193.0,8992603.0
338,2020-05-12,190.5,192.0,192.5,189.5,13234542.0
339,2020-05-13,191.0,190.0,192.0,189.0,8063530.0
340,2020-05-14,190.0,190.0,191.0,189.5,5751105.0
341,2020-05-15,189.0,190.0,191.0,189.0,4994524.0
342,2020-05-18,188.5,189.5,190.5,188.0,6728337.0
343,2020-05-19,189.5,190.5,191.0,189.5,7613864.0
344,2020-05-20,191.5,190.0,193.5,189.0,10158097.0
345,2020-05-21,192.0,192.5,192.5,191.0,4993422.0
346,2020-05-22,188.5,190.0,190.5,188.0,5510941.0
347,2020-05-25,189.5,190.0,191.0,189.0,3736229.0
348,2020-05-26,191.0,190.5,192.5,190.5,6925617.0
349,2020-05-27,191.0,191.5,192.0,189.0,7644229.0
350,2020-05-28,189.5,192.0,192.0,189.5,7446677.0
351,2020-05-29,192.5,189.0,193.0,189.0,14203745.0
352,2020-06-01,191.5,193.5,194.0,191.0,6956676.0
353,2020-06-02,193.5,193.0,193.5,192.0,5966411.0
354,2020-06-04,197.0,195.0,199.0,194.0,17586941.0
355,2020-06-05,201.0,197.5,203.0,197.5,20749290.0
356,2020-06-08,199.5,203.0,204.0,199.5,8910917.0
357,2020-06-09,195.0,200.0,202.0,195.0,10655963.0
358,2020-06-10,196.0,196.5,197.0,195.0,5574610.0
359,2020-06-11,194.0,196.0,196.0,192.0,6961458.0
360,2020-06-12,192.5,191.0,193.0,190.5,8289436.0
361,2020-06-15,191.5,194.0,195.5,191.0,11289532.0
362,2020-06-16,193.0,194.5,194.5,192.5,5293317.0
363,2020-06-17,191.0,193.0,194.0,191.0,8480528.0
364,2020-06-18,191.0,190.5,192.0,190.0,4565917.0
365,2020-06-19,190.0,192.0,192.0,190.0,8516087.0
366,2020-06-22,190.5,190.0,191.0,190.0,3383572.0
367,2020-06-23,190.0,191.0,191.5,190.0,3772662.0
368,2020-06-24,188.0,189.5,190.0,188.0,9433414.0
369,2020-06-25,187.5,187.5,188.0,186.0,8637752.0
370,2020-06-26,186.0,188.0,189.5,185.0,8326353.0
371,2020-06-29,187.0,185.0,187.0,183.5,6310041.0
372,2020-06-30,185.0,188.5,190.0,183.5,10922287.0
373,2020-07-01,185.5,185.0,186.5,184.0,7119890.0
374,2020-07-02,189.5,186.0,189.5,186.0,6285153.0
375,2020-07-03,188.0,190.0,190.0,187.0,4224108.0
376,2020-07-07,188.0,189.0,189.5,187.5,9114975.0
377,2020-07-08,189.5,188.5,191.5,187.5,7911457.0
378,2020-07-09,190.5,190.0,192.0,190.0,7834516.0
379,2020-07-10,189.5,190.5,191.5,189.0,5363914.0
380,2020-07-13,188.0,191.0,191.0,188.0,3850547.0
381,2020-07-14,187.5,187.0,187.5,185.0,5590908.0
382,2020-07-15,186.5,188.0,188.5,186.5,3716119.0
383,2020-07-16,186.5,187.0,188.5,186.0,6782500.0
384,2020-07-17,189.5,187.5,190.0,186.5,3739662.0
385,2020-07-20,191.0,189.5,191.0,188.5,5076942.0
386,2020-07-21,187.5,191.0,191.5,187.5,9057686.0
387,2020-07-22,186.0,187.5,188.5,185.5,4813615.0
388,2020-07-23,187.0,185.5,188.0,185.0,4020175.0
389,2020-07-24,185.0,185.5,186.0,185.0,4502906.0
390,2020-07-29,186.0,185.5,187.0,185.0,3817608.0
391,2020-07-30,184.5,187.0,187.0,183.0,4268774.0
392,2020-07-31,185.0,183.0,185.5,182.5,5552618.0
393,2020-08-03,183.0,184.5,185.0,183.0,3335599.0
394,2020-08-04,184.5,184.0,186.0,183.0,4200257.0
395,2020-08-05,185.0,185.0,186.0,184.0,3065929.0
396,2020-08-06,190.0,184.0,191.5,184.0,10299615.0
397,2020-08-07,189.5,191.0,191.0,188.0,9227372.0
398,2020-08-10,190.5,190.5,191.0,189.5,3390376.0
399,2020-08-11,192.5,191.5,194.0,190.5,9893234.0
400,2020-08-13,193.0,190.0,193.0,189.0,6302687.0
401,2020-08-14,191.5,193.0,193.5,190.0,7777822.0
402,2020-08-17,191.5,192.0,192.5,191.0,3792397.0
403,2020-08-18,192.0,191.5,193.0,191.5,5957068.0
404,2020-08-19,187.0,189.5,190.0,187.0,5532664.0
405,2020-08-20,185.5,186.5,187.5,185.0,5172434.0
406,2020-08-21,185.0,186.5,187.5,185.0,2165803.0
407,2020-08-24,186.0,185.0,187.0,184.5,2312525.0
408,2020-08-25,187.5,187.0,188.5,187.0,2984007.0
409,2020-08-26,187.0,186.5,187.0,185.5,2892659.0
410,2020-08-27,184.5,186.0,186.0,184.5,4712643.0
411,2020-08-28,184.0,185.5,186.5,183.5,3884195.0
412,2020-08-31,183.0,185.0,186.0,182.5,6715426.0
413,2020-09-01,182.5,183.5,184.0,182.5,3105164.0
414,2020-09-02,183.5,182.5,184.0,182.0,2854465.0
415,2020-09-03,183.5,183.5,184.0,182.5,2682658.0
416,2020-09-08,181.5,182.5,183.5,181.5,4260069.0
417,2020-09-09,180.5,180.0,181.5,180.0,2472789.0
418,2020-09-10,182.0,180.5,182.5,180.5,3656814.0
419,2020-09-11,181.0,182.0,182.5,181.0,2141334.0
420,2020-09-14,181.5,181.5,182.0,181.0,2526963.0
421,2020-09-15,181.0,181.5,182.0,181.0,2214082.0
422,2020-09-16,181.5,181.0,182.0,180.0,3026454.0
423,2020-09-17,177.5,180.5,180.5,177.5,5644213.0
424,2020-09-18,179.0,178.0,180.5,177.5,6119316.0
425,2020-09-21,177.5,180.0,180.0,176.5,3301628.0
426,2020-09-22,176.0,177.0,177.5,175.5,3418901.0
427,2020-09-23,176.0,177.0,178.5,176.0,4226595.0
428,2020-09-24,171.0,175.0,176.5,171.0,7191710.0
429,2020-09-25,170.0,171.0,172.5,170.0,4716260.0
430,2020-09-28,174.5,171.0,175.5,170.5,6233464.0
431,2020-09-29,174.0,175.0,176.5,173.5,4359246.0
432,2020-09-30,171.0,175.0,175.0,171.0,4641987.0
433,2020-10-01,170.5,171.5,172.5,170.0,3491013.0
434,2020-10-02,170.0,170.5,171.5,169.0,3960872.0
435,2020-10-05,174.0,170.5,174.5,170.5,5681695.0
436,2020-10-06,171.5,173.0,173.5,171.0,4883415.0
437,2020-10-07,173.5,171.0,173.5,171.0,5125968.0
438,2020-10-08,176.5,173.5,177.0,173.0,6246155.0
439,2020-10-09,177.0,177.5,178.0,176.5,4308333.0
440,2020-10-12,178.5,178.0,179.0,177.0,2218296.0
441,2020-10-14,176.0,177.5,178.0,174.5,4437544.0
442,2020-10-15,175.5,174.5,176.0,173.5,4746730.0
443,2020-10-16,173.5,175.0,176.0,172.5,5127368.0
444,2020-10-19,173.5,172.5,175.5,172.5,5951025.0
445,2020-10-20,172.0,173.5,174.0,172.0,5878285.0
446,2020-10-21,171.5,172.5,172.5,171.0,4672308.0
447,2020-10-22,171.0,171.0,174.0,171.0,5668815.0
448,2020-10-26,172.5,171.0,173.0,169.5,4055619.0
449,2020-10-27,172.0,171.0,172.5,170.0,3596450.0
450,2020-10-28,173.0,171.5,173.0,171.0,3682949.0
451,2020-10-29,174.5,173.0,174.5,172.0,4035869.0
452,2020-10-30,172.5,175.0,175.0,171.5,4410231.0
453,2020-11-02,171.0,173.5,173.5,171.0,2983042.0
454,2020-11-03,170.5,171.5,172.0,170.0,6587534.0
455,2020-11-04,172.0,170.5,173.0,170.5,5861461.0
456,2020-11-05,179.0,174.0,179.5,173.0,8693545.0
457,2020-11-06,174.0,177.0,178.0,174.0,8089819.0
458,2020-11-09,179.0,178.0,181.0,178.0,11232257.0
459,2020-11-10,181.5,178.0,183.5,176.5,16309734.0
460,2020-11-11,182.0,183.5,184.5,181.0,9224367.0
461,2020-11-12,176.0,182.0,182.0,175.5,14063330.0
462,2020-11-13,174.5,174.5,176.0,173.0,12909345.0
463,2020-11-16,174.5,176.0,177.0,174.5,8482503.0
464,2020-11-17,174.5,176.0,176.0,173.5,12498464.0
465,2020-11-18,175.5,174.0,175.5,173.5,5826973.0
466,2020-11-19,176.5,175.5,180.0,175.5,20520681.0
467,2020-11-20,175.5,176.0,176.5,172.5,28781369.0
468,2020-11-23,179.5,176.5,180.0,176.0,20697954.0
469,2020-11-24,178.0,182.0,182.5,178.0,26046749.0
470,2020-11-25,177.0,178.5,179.5,175.5,15613364.0
471,2020-11-26,178.5,177.5,179.5,177.0,13690963.0
472,2020-11-27,179.5,178.0,180.5,178.0,10548163.0
473,2020-11-30,175.5,179.0,180.0,175.5,20541385.0
474,2020-12-01,178.0,176.5,179.5,176.5,12455564.0
475,2020-12-02,180.0,179.5,183.0,178.5,18906582.0
476,2020-12-03,180.5,181.5,182.0,179.5,10118276.0
477,2020-12-04,181.5,181.0,182.5,179.5,9516906.0
478,2020-12-08,185.0,182.0,186.5,182.0,18426441.0
479,2020-12-09,189.0,188.0,190.0,187.0,21250839.0
480,2020-12-14,191.0,190.5,195.0,190.5,21139566.0
481,2020-12-15,187.5,189.5,190.0,186.5,14874347.0
482,2020-12-16,188.0,189.0,189.5,188.0,8273126.0
483,2020-12-17,189.0,188.0,191.0,188.0,8788189.0
484,2020-12-18,187.5,189.5,190.5,187.0,13081285.0
485,2020-12-21,177.5,182.5,184.5,177.5,18284805.0
486,2020-12-22,178.5,178.5,180.0,175.5,12603815.0
487,2020-12-23,177.5,179.0,180.5,177.5,9973656.0
488,2020-12-24,178.5,177.5,179.5,176.5,7361199.0
489,2020-12-25,179.0,179.0,180.0,178.5,5199186.0
490,2020-12-28,177.0,180.0,180.0,176.5,7920447.0
491,2020-12-29,178.5,177.0,178.5,177.0,5910789.0
492,2020-12-30,176.0,179.0,179.0,176.0,7363180.0
493,2021-01-04,176.0,175.0,176.5,174.5,7512831.0
494,2021-01-05,178.5,176.0,179.0,175.0,9890712.0
495,2021-01-06,179.5,179.0,182.5,178.0,14582658.0
496,2021-01-07,180.5,181.5,181.5,179.5,7823067.0
497,2021-01-08,184.5,181.5,185.0,180.5,14315252.0
498,2021-01-11,182.0,185.0,185.0,181.5,12212932.0
499,2021-01-12,180.5,182.0,182.5,179.5,7754177.0
500,2021-01-13,181.5,181.5,181.5,180.0,7679719.0
501,2021-01-14,180.5,182.0,182.0,180.5,5482321.0
502,2021-01-15,180.0,181.0,183.0,180.0,9117272.0
503,2021-01-18,179.0,180.0,180.5,178.5,5330247.0
504,2021-01-19,179.0,179.5,181.0,179.0,4262387.0
505,2021-01-20,177.5,179.5,179.5,177.5,6914830.0
506,2021-01-21,177.5,178.0,179.5,176.5,7720968.0
507,2021-01-22,177.0,176.5,177.5,176.0,5158926.0
508,2021-01-25,176.0,177.5,178.0,175.0,9297680.0
509,2021-01-26,176.5,175.5,177.5,175.0,5662551.0
510,2021-01-27,175.5,176.0,177.0,175.5,4340696.0
511,2021-01-28,174.0,175.0,175.5,174.0,6244730.0
512,2021-01-29,172.0,174.5,175.0,172.0,8290525.0
513,2021-02-01,172.0,172.0,174.0,171.0,3937250.0
514,2021-02-02,173.0,173.0,174.5,172.5,5048533.0
515,2021-02-03,171.0,173.5,173.5,170.5,10466832.0
516,2021-02-04,170.0,171.0,171.5,170.0,7167376.0
517,2021-02-05,170.0,171.0,171.0,169.5,7139209.0
518,2021-02-08,173.5,172.0,173.5,172.0,6647832.0
519,2021-02-09,175.0,174.5,176.0,174.5,8391412.0
520,2021-02-10,173.5,176.0,176.0,173.5,5873332.0
521,2021-02-11,173.0,173.5,174.5,173.0,4992854.0
522,2021-02-15,173.0,173.5,174.5,173.0,4609694.0
523,2021-02-16,173.5,173.5,174.5,173.0,2799389.0
524,2021-02-17,173.5,173.5,174.0,173.0,4782559.0
525,2021-02-18,173.5,173.5,174.0,173.0,5461860.0
526,2021-02-19,170.0,170.0,171.0,169.0,5923940.0
527,2021-02-22,168.0,170.0,170.0,168.0,5421572.0
528,2021-02-23,166.0,167.5,168.0,165.0,9830913.0
529,2021-02-24,164.0,166.0,167.5,164.0,9416130.0
530,2021-02-25,165.5,165.5,168.0,164.5,7243025.0
531,2021-03-01,167.5,164.5,169.0,164.0,6624257.0
532,2021-03-02,165.5,167.5,167.5,165.5,5521815.0
533,2021-03-03,170.0,166.5,170.5,166.0,8309102.0
534,2021-03-04,168.5,168.5,169.5,168.0,4449634.0
535,2021-03-05,167.0,167.5,169.0,166.0,7627837.0
536,2021-03-08,165.5,168.5,168.5,165.5,8043943.0
537,2021-03-09,168.5,165.5,168.5,165.5,5032036.0
538,2021-03-10,172.5,169.0,173.0,169.0,13710655.0
539,2021-03-11,171.0,173.5,174.0,171.0,9113322.0
540,2021-03-12,170.5,172.0,172.5,170.5,3799268.0
541,2021-03-15,171.5,171.5,172.0,170.5,4094322.0
542,2021-03-16,172.0,172.0,172.5,171.5,6193798.0
543,2021-03-17,171.0,172.0,173.0,171.0,6247874.0
544,2021-03-18,171.5,172.5,172.5,171.0,4662622.0
545,2021-03-19,172.5,171.0,172.5,170.0,7077826.0
546,2021-03-22,170.5,171.5,172.0,170.5,4792799.0
547,2021-03-23,170.0,171.0,171.5,170.0,4356192.0
548,2021-03-24,171.0,171.0,171.0,169.0,4668457.0
549,2021-03-25,173.5,170.5,175.5,170.0,15353906.0
550,2021-03-26,173.5,175.0,175.0,172.5,6520946.0
551,2021-03-29,173.0,174.0,174.5,173.0,5056458.0
552,2021-03-30,173.0,173.5,174.0,173.0,3982053.0
553,2021-03-31,173.5,173.5,175.0,172.5,7135391.0
554,2021-04-01,173.5,173.5,174.0,173.5,1838669.0
555,2021-04-02,174.0,173.5,174.5,173.0,4417478.0
556,2021-04-05,172.0,173.5,174.0,172.0,3097805.0
557,2021-04-07,170.0,171.5,171.5,169.5,7346757.0
558,2021-04-08,170.0,170.0,171.0,169.5,3342191.0
559,2021-04-09,169.5,170.0,171.0,169.5,3118783.0
560,2021-04-12,167.0,169.0,170.0,167.0,6218618.0
561,2021-04-16,168.0,169.0,170.0,167.0,5629610.0
562,2021-04-19,169.5,167.0,169.5,166.0,11100592.0
563,2021-04-20,175.0,170.5,176.5,170.0,22880054.0
564,2021-04-21,179.0,174.5,179.0,174.0,19184412.0
565,2021-04-22,175.5,178.5,178.5,174.5,14256143.0
566,2021-04-23,174.0,174.5,175.5,173.0,8864085.0
567,2021-04-26,172.5,174.0,174.5,172.5,6197979.0
568,2021-04-27,173.0,173.5,174.5,172.5,4233871.0
569,2021-04-28,171.5,173.5,174.0,171.0,7432008.0
570,2021-04-29,172.0,172.5,173.0,171.0,5324112.0
571,2021-04-30,171.0,173.5,173.5,170.5,4935537.0
572,2021-05-05,169.0,171.0,172.5,169.0,11754943.0
573,2021-05-06,169.0,169.0,170.5,169.0,6172738.0
574,2021-05-07,170.0,170.0,171.5,169.5,3424174.0
575,2021-05-10,170.0,170.5,171.0,169.5,3193537.0
576,2021-05-11,171.0,169.0,171.0,169.0,3781057.0
577,2021-05-12,169.5,170.5,170.5,169.0,2394832.0
578,2021-05-13,169.0,168.5,169.0,167.0,8180106.0
579,2021-05-14,169.5,169.0,169.5,168.0,2621001.0
580,2021-05-17,168.5,169.0,169.5,168.0,4880341.0
581,2021-05-18,171.0,169.0,171.0,169.0,4024223.0
582,2021-05-19,169.5,170.0,170.5,169.5,2913899.0
583,2021-05-20,170.0,170.0,171.0,168.5,4826657.0
584,2021-05-21,170.0,170.0,170.5,169.0,3081873.0
585,2021-05-24,169.5,170.0,170.5,169.0,3531527.0
586,2021-05-25,168.5,170.0,170.5,168.5,5316360.0
587,2021-05-27,168.0,168.5,169.5,168.0,9877867.0
588,2021-05-28,169.0,169.5,170.5,169.0,4386457.0
589,2021-05-31,168.5,169.5,169.5,168.0,4286047.0
590,2021-06-01,169.5,168.5,170.0,168.0,5141687.0
591,2021-06-02,171.0,170.0,172.5,169.5,11354066.0
592,2021-06-04,169.5,171.0,171.5,169.5,5152518.0
593,2021-06-07,169.5,170.5,171.0,169.5,4418396.0
594,2021-06-08,172.5,170.5,173.0,170.0,11674226.0
595,2021-06-09,173.5,173.0,175.0,173.0,12000872.0
596,2021-06-10,173.5,175.0,175.5,173.5,5819351.0
597,2021-06-11,174.5,174.0,174.5,173.5,3083403.0
598,2021-06-14,174.5,175.0,176.0,174.0,4737177.0
599,2021-06-15,173.5,174.5,175.5,173.5,4871890.0
600,2021-06-16,173.5,173.5,174.0,173.0,2772669.0
601,2021-06-17,172.5,173.5,173.5,172.5,3128069.0
602,2021-06-18,173.5,172.5,173.5,172.0,5735798.0
603,2021-06-21,172.0,172.0,172.5,171.0,3990973.0
604,2021-06-22,171.5,172.5,173.5,171.0,4136004.0
605,2021-06-23,170.5,171.5,172.0,170.5,3737835.0
606,2021-06-24,171.5,170.5,171.5,170.0,4066553.0
607,2021-06-25,171.5,172.0,172.0,170.5,2565006.0
608,2021-06-28,170.0,170.5,171.5,170.0,3648881.0
609,2021-06-29,170.5,170.0,171.5,169.0,5325987.0
610,2021-06-30,171.0,171.0,172.0,171.0,4340013.0
611,2021-07-01,172.5,171.0,172.5,170.5,3270742.0
612,2021-07-02,171.5,172.5,173.0,171.5,3964135.0
613,2021-07-05,171.0,171.5,171.5,170.5,2445987.0
614,2021-07-06,171.5,171.5,172.0,170.5,3339683.0
615,2021-07-07,170.5,170.5,172.0,170.0,4564805.0
616,2021-07-08,169.0,169.0,170.5,169.0,4508923.0
617,2021-07-09,169.5,169.0,170.5,169.0,4330538.0
618,2021-07-12,170.0,170.5,171.0,169.0,2125876.0
619,2021-07-13,170.5,171.0,171.5,170.5,2214289.0
620,2021-07-14,170.5,171.0,171.0,170.0,4347666.0
621,2021-07-15,170.5,171.0,172.0,170.0,4087341.0
622,2021-07-16,170.5,171.5,171.5,170.0,3942567.0
623,2021-07-19,171.5,169.5,172.0,169.5,3981119.0
624,2021-07-20,174.5,171.5,174.5,171.0,12196120.0
625,2021-07-21,177.0,175.0,177.0,174.0,10857526.0
626,2021-07-22,176.5,176.5,177.0,175.0,5870173.0
627,2021-07-23,176.5,176.0,177.0,175.5,4259070.0
628,2021-07-27,176.0,177.0,177.0,174.0,6249797.0
629,2021-07-29,178.5,176.5,179.0,175.5,11870060.0
630,2021-07-30,179.5,178.0,180.0,177.0,10077328.0
631,2021-08-02,180.5,179.5,180.5,178.5,6494787.0
632,2021-08-03,177.0,180.0,180.0,174.5,14076373.0
633,2021-08-04,179.0,177.5,179.0,176.0,6991323.0
634,2021-08-05,175.5,179.0,179.0,175.0,7707667.0
635,2021-08-06,176.0,176.0,176.5,174.0,4347842.0
636,2021-08-09,177.5,176.5,178.0,175.5,4461161.0
637,2021-08-10,182.0,177.5,183.0,177.5,14391095.0
638,2021-08-11,185.5,182.5,186.5,182.0,22433849.0
639,2021-08-13,184.5,185.5,186.0,182.5,7593908.0
640,2021-08-16,181.0,181.0,181.0,178.5,6058195.0
641,2021-08-17,183.5,181.5,184.0,180.0,6883547.0
642,2021-08-18,182.5,183.5,184.0,182.0,4287625.0
643,2021-08-19,182.5,181.5,184.5,181.0,3909418.0
644,2021-08-20,183.5,182.5,184.5,182.0,9841920.0
645,2021-08-23,181.0,183.5,184.0,180.0,10300190.0
646,2021-08-24,181.0,181.5,183.0,180.5,5458961.0
647,2021-08-25,183.5,181.0,184.0,180.5,7125208.0
648,2021-08-26,184.0,183.5,185.0,182.0,9908909.0
649,2021-08-27,184.5,183.5,185.5,183.0,9686586.0
650,2021-08-30,184.0,185.5,186.5,183.5,8234701.0
651,2021-08-31,188.0,183.5,189.5,183.5,17961773.0
652,2021-09-01,186.0,188.5,189.5,186.0,9289219.0
653,2021-09-02,188.5,187.0,190.5,186.5,16102169.0
654,2021-09-03,190.0,189.0,190.0,188.0,6706201.0
655,2021-09-06,191.5,190.5,192.0,189.0,7260564.0
656,2021-09-07,197.5,193.0,198.0,192.5,20590741.0
657,2021-09-08,194.0,197.0,201.0,192.0,23189762.0
658,2021-09-09,191.0,195.0,197.0,190.5,20910618.0
659,2021-09-10,190.0,191.0,192.0,187.0,21828461.0
660,2021-09-13,193.5,190.0,193.5,190.0,8599418.0
661,2021-09-14,190.0,193.0,193.5,189.5,7612671.0
662,2021-09-15,192.5,189.0,193.0,189.0,6288987.0
663,2021-09-16,193.5,193.0,194.0,191.5,4478574.0
664,2021-09-17,194.0,193.0,194.0,191.5,4842161.0
665,2021-09-20,189.0,192.0,192.5,188.5,7536134.0
666,2021-09-21,193.0,189.5,193.0,189.0,7408634.0
667,2021-09-22,196.5,196.5,198.5,195.0,14201064.0
668,2021-09-23,196.5,198.5,199.5,194.0,12579418.0
669,2021-09-27,195.5,197.5,197.5,194.5,5832605.0
670,2021-09-28,195.5,195.0,196.0,193.5,3822791.0
671,2021-09-29,194.5,192.0,196.0,192.0,6050556.0
672,2021-09-30,196.0,195.0,197.0,194.0,7142373.0
673,2021-10-01,195.5,195.0,197.0,193.5,6233271.0
674,2021-10-04,194.5,194.5,195.5,193.5,4106771.0
675,2021-10-05,196.0,194.0,197.0,193.5,3978019.0
676,2021-10-06,195.5,196.5,198.0,194.5,7199674.0
677,2021-10-07,196.0,197.0,198.0,195.5,4074596.0
678,2021-10-08,193.5,196.5,196.5,193.0,7542412.0
679,2021-10-11,193.0,193.5,194.0,192.0,4581190.0
680,2021-10-12,193.0,193.0,194.0,191.5,5028820.0
681,2021-10-14,191.5,193.5,194.0,191.5,4662849.0
682,2021-10-15,190.5,191.5,193.0,190.5,4158563.0
683,2021-10-18,190.0,190.5,191.0,189.0,6085747.0
684,2021-10-19,187.0,190.0,190.5,187.0,9321913.0
685,2021-10-20,188.0,187.0,189.5,187.0,5595934.0
686,2021-10-21,188.0,189.0,189.0,187.5,2583467.0
687,2021-10-25,188.5,188.5,189.5,187.5,4427497.0
688,2021-10-26,189.0,188.5,189.5,187.5,5515462.0
689,2021-10-27,188.0,189.0,189.5,188.0,3823272.0
690,2021-10-28,189.5,188.0,191.0,187.5,4869489.0
691,2021-10-29,189.0,190.0,190.5,189.0,3489383.0
692,2021-11-01,188.5,189.5,191.5,188.5,4468001.0
693,2021-11-02,192.0,189.5,192.0,189.0,5591396.0
694,2021-11-03,189.5,192.5,192.5,189.0,5001098.0
695,2021-11-04,191.0,190.0,192.0,189.5,5282000.0
696,2021-11-05,192.0,191.5,192.5,190.0,3504624.0
697,2021-11-08,193.0,192.5,193.0,191.5,5337320.0
698,2021-11-09,194.0,193.5,195.0,193.5,5804327.0
699,2021-11-10,194.0,193.0,194.5,192.0,3522131.0
700,2021-11-11,193.5,194.0,194.5,193.0,2566309.0
701,2021-11-12,193.0,193.5,194.5,192.5,3458246.0
702,2021-11-15,194.0,192.5,195.0,192.5,3156455.0
703,2021-11-16,195.5,193.5,195.5,193.5,4342016.0
704,2021-11-17,197.0,195.0,197.0,194.0,5181400.0
705,2021-11-18,197.5,196.0,197.5,196.0,6248710.0
706,2021-11-19,196.0,197.5,198.5,195.5,7155530.0
707,2021-11-22,209.0,205.0,212.0,201.0,35145260.0
708,2021-11-23,215.0,209.0,215.0,207.0,16617710.0
709,2021-11-24,214.0,216.0,219.0,212.0,16555418.0
710,2021-11-25,210.0,214.0,215.0,209.0,6646312.0
711,2021-11-26,205.0,209.0,210.0,205.0,8127629.0
712,2021-11-29,211.0,207.0,214.0,206.0,10665900.0
713,2021-11-30,206.0,212.0,215.0,205.0,17455959.0
714,2021-12-01,211.0,209.0,211.0,204.0,12376052.0
715,2021-12-02,212.0,209.0,214.0,208.0,9276469.0
716,2021-12-03,212.0,212.0,213.0,210.0,5809527.0
717,2021-12-07,211.0,213.0,215.0,211.0,6115663.0
718,2021-12-08,220.0,212.0,220.0,212.0,7828584.0
719,2021-12-09,216.0,219.0,219.0,214.0,6942219.0
720,2021-12-13,217.0,218.0,219.0,214.0,5785002.0
721,2021-12-14,219.0,216.0,219.0,215.0,4156956.0
722,2021-12-15,218.0,218.0,221.0,217.0,4957767.0
723,2021-12-16,220.0,219.0,220.0,216.0,4818228.0
724,2021-12-17,218.0,220.0,220.0,218.0,5088299.0
725,2021-12-20,212.0,216.0,217.0,209.0,7623888.0
726,2021-12-21,218.0,214.0,219.0,213.0,6395336.0
727,2021-12-22,216.0,218.0,219.0,216.0,1873151.0
728,2021-12-23,226.0,218.0,230.0,218.0,13945977.0
729,2021-12-24,224.0,225.0,226.0,222.0,2764015.0
730,2021-12-27,223.0,224.0,226.0,222.0,2905195.0
731,2021-12-28,225.0,224.0,229.0,223.0,5497608.0
732,2021-12-29,229.0,225.0,229.0,224.0,3422069.0
733,2021-12-30,230.0,230.0,231.0,228.0,5031366.0
734,2022-01-04,228.0,230.0,232.0,227.0,5139588.0
735,2022-01-05,226.0,227.0,227.0,224.0,6182208.0
736,2022-01-06,221.0,223.0,224.0,221.0,8608039.0
737,2022-01-07,221.0,221.0,222.0,215.0,12078909.0
738,2022-01-10,219.0,221.0,221.0,218.0,6138088.0
739,2022-01-11,224.0,221.0,226.0,221.0,8144340.0
740,2022-01-12,222.0,225.0,226.0,221.0,3215972.0
741,2022-01-13,220.0,223.0,224.0,218.0,4654037.0
742,2022-01-14,220.0,220.0,222.0,219.0,6095171.0
743,2022-01-17,218.0,219.0,220.0,217.0,5105379.0
744,2022-01-18,222.0,219.0,223.0,219.0,6069536.0
745,2022-01-19,222.0,221.0,222.0,219.0,2205841.0
746,2022-01-20,221.0,222.0,223.0,221.0,2437730.0
747,2022-01-21,222.0,220.0,222.0,220.0,2848086.0
748,2022-01-24,223.0,222.0,225.0,221.0,3715504.0
749,2022-01-25,222.0,222.0,223.0,219.0,5048206.0
750,2022-01-26,221.0,223.0,224.0,221.0,2817026.0
751,2022-01-27,224.0,220.0,225.0,220.0,3659314.0
752,2022-01-28,222.0,223.0,224.0,221.0,2523649.0
753,2022-01-31,220.0,223.0,224.0,220.0,2591555.0
754,2022-02-01,221.0,221.0,222.0,220.0,2657669.0
755,2022-02-02,223.0,221.0,224.0,220.0,2558281.0
756,2022-02-03,223.0,222.0,224.0,222.0,2156613.0
757,2022-02-04,220.0,223.0,224.0,219.0,5452287.0
758,2022-02-07,219.0,219.0,220.0,218.0,2759886.0
759,2022-02-08,222.0,220.0,222.0,219.0,5942547.0
760,2022-02-09,226.0,223.0,227.0,223.0,12706745.0
761,2022-02-10,229.0,226.0,230.0,225.0,6596259.0
762,2022-02-11,237.0,228.0,237.0,226.0,13668988.0
763,2022-02-14,234.0,236.0,236.0,230.0,10764156.0
764,2022-02-15,237.0,234.0,237.0,232.0,6940745.0
765,2022-02-17,240.0,239.0,242.0,238.0,11550804.0
766,2022-02-18,238.0,236.0,239.0,235.0,6705878.0
767,2022-02-21,228.0,236.0,237.0,227.0,8392239.0
768,2022-02-22,230.0,225.0,231.0,225.0,6372769.0
769,2022-02-23,233.0,230.0,233.0,229.0,4536039.0
770,2022-02-24,227.0,230.0,233.0,226.0,6727047.0
771,2022-02-25,228.0,229.0,231.0,227.0,2601825.0
772,2022-02-28,229.0,227.0,230.0,225.0,7650447.0
773,2022-03-01,237.0,232.0,237.0,231.0,7478947.0
774,2022-03-02,236.0,241.0,242.0,236.0,8601149.0
775,2022-03-03,238.0,237.0,239.0,235.0,4609517.0
776,2022-03-04,232.0,236.0,237.0,232.0,5878395.0
777,2022-03-07,226.0,230.0,232.0,222.0,10334086.0
778,2022-03-08,226.0,225.0,227.0,221.0,9178015.0
779,2022-03-09,232.0,227.0,232.0,224.0,8920365.0
780,2022-03-10,231.0,235.0,235.0,229.0,5653101.0
781,2022-03-11,234.0,231.0,235.0,231.0,4617509.0
782,2022-03-14,235.0,236.0,237.0,233.0,3922203.0
783,2022-03-15,232.0,234.0,235.0,230.0,7053066.0
784,2022-03-16,235.0,233.0,235.0,232.0,4274816.0
785,2022-03-17,234.0,236.0,240.0,233.0,8916369.0
786,2022-03-18,232.0,234.0,235.0,231.0,5153307.0
787,2022-03-21,230.0,232.0,233.0,229.0,4190764.0
788,2022-03-22,230.0,230.0,232.0,229.0,3244664.0
789,2022-03-23,226.0,230.0,231.0,226.0,4674634.0
790,2022-03-24,231.0,227.0,233.0,227.0,6831814.0
791,2022-03-25,231.0,231.0,232.0,229.0,2824173.0
792,2022-03-28,232.0,232.0,234.0,231.0,2873033.0
793,2022-03-29,237.0,233.0,237.0,232.0,6017333.0
794,2022-03-30,235.0,237.0,237.0,232.0,5684504.0
795,2022-03-31,233.0,235.0,235.0,232.0,4040761.0
796,2022-04-01,236.0,233.0,236.0,233.0,4151647.0
797,2022-04-04,233.0,235.0,236.0,233.0,1637963.0
798,2022-04-05,234.0,235.0,236.0,233.0,3259612.0
799,2022-04-07,227.0,234.0,235.0,227.0,8729527.0
800,2022-04-08,226.0,228.0,229.0,225.0,4392683.0
801,2022-04-11,224.0,225.0,226.0,223.0,3506930.0
802,2022-04-12,223.0,222.0,225.0,221.0,2648417.0
803,2022-04-18,221.0,223.0,223.0,219.0,5794754.0
804,2022-04-19,215.0,222.0,223.0,214.0,9766443.0
805,2022-04-20,216.0,215.0,220.0,215.0,8093174.0
806,2022-04-21,219.0,218.0,221.0,218.0,7799936.0
807,2022-04-22,218.0,218.0,220.0,216.0,4052654.0
808,2022-04-25,216.0,217.0,217.0,215.0,5379957.0
809,2022-04-26,217.0,217.0,220.0,217.0,3813928.0
810,2022-04-27,219.0,218.0,220.0,217.0,5509608.0
811,2022-04-28,220.0,220.0,221.0,218.0,6038652.0
812,2022-04-29,215.0,218.0,219.0,214.0,8744346.0
813,2022-05-03,212.0,215.0,217.0,211.0,5939710.0
814,2022-05-05,209.0,210.0,212.0,207.0,11392815.0
815,2022-05-06,208.0,207.0,210.0,207.0,5580734.0
816,2022-05-09,205.0,207.0,207.0,204.0,6467296.0
817,2022-05-10,213.0,211.0,215.0,207.0,17234278.0
818,2022-05-11,214.0,214.0,217.0,212.0,8235224.0
819,2022-05-12,216.0,212.0,218.0,212.0,9044857.0
820,2022-05-13,215.0,215.0,216.0,212.0,5006148.0
821,2022-05-17,218.0,218.0,219.0,215.0,5708097.0
822,2022-05-18,219.0,219.0,220.0,216.0,6394549.0
823,2022-05-19,217.0,216.0,219.0,215.0,4323316.0
824,2022-05-20,218.0,218.0,220.0,216.0,4577959.0
825,2022-05-23,220.0,219.0,220.0,217.0,5007141.0
826,2022-05-24,224.0,221.0,225.0,221.0,10739091.0
827,2022-05-25,220.0,224.0,225.0,220.0,7120688.0
828,2022-05-26,222.0,221.0,223.0,220.0,3067040.0
829,2022-05-27,218.0,222.0,223.0,216.0,8363600.0
830,2022-05-30,217.0,218.0,219.0,216.0,3382233.0
831,2022-05-31,217.0,217.0,219.0,216.0,15005317.0
832,2022-06-01,220.0,218.0,221.0,217.0,4676930.0
833,2022-06-02,217.0,219.0,219.0,216.0,4505782.0
834,2022-06-06,214.0,217.0,217.0,211.0,6312451.0
835,2022-06-07,212.0,213.0,214.0,211.0,4427459.0
836,2022-06-08,211.0,212.0,213.0,209.0,8319068.0
837,2022-06-09,212.0,211.0,213.0,210.0,5267975.0
838,2022-06-10,208.0,211.0,211.0,207.0,6372669.0
839,2022-06-13,207.0,206.0,208.0,205.0,5289224.0
840,2022-06-14,209.0,206.0,210.0,205.0,3996564.0
841,2022-06-15,206.0,208.0,208.0,206.0,4468320.0
842,2022-06-16,199.5,207.0,208.0,198.5,14886892.0
843,2022-06-17,202.0,199.0,203.0,197.5,10881275.0
844,2022-06-20,203.0,202.0,204.0,201.0,2744508.0
845,2022-06-21,201.0,202.0,203.0,200.0,4069229.0
846,2022-06-22,198.0,200.0,202.0,197.5,8419260.0
847,2022-06-23,197.0,198.0,199.5,196.0,8712294.0
848,2022-06-24,202.0,197.5,203.0,197.0,9722875.0
849,2022-06-27,202.0,204.0,204.0,200.0,4345184.0
850,2022-06-28,204.0,202.0,204.0,200.0,4799475.0
851,2022-06-29,199.0,201.0,202.0,198.0,10824112.0
852,2022-06-30,194.5,198.5,199.5,194.5,13226308.0
853,2022-07-01,197.5,195.0,197.5,194.5,6112055.0
854,2022-07-04,200.0,201.0,203.0,199.5,11305793.0
855,2022-07-05,203.0,201.0,206.0,200.0,12793287.0
856,2022-07-06,203.0,203.0,204.0,201.0,7142653.0
857,2022-07-07,205.0,203.0,207.0,202.0,6659960.0
858,2022-07-08,204.0,206.0,206.0,203.0,5122000.0
859,2022-07-11,204.0,204.0,205.0,203.0,2121578.0
860,2022-07-12,203.0,204.0,206.0,202.0,3537679.0
861,2022-07-14,204.0,206.0,207.0,202.0,6427270.0
862,2022-07-15,205.0,205.0,205.0,203.0,3978090.0
863,2022-07-18,205.0,205.0,206.0,204.0,3060201.0
864,2022-07-19,202.0,203.0,204.0,200.0,5135470.0
865,2022-07-20,202.0,203.0,204.0,200.0,5677288.0
866,2022-07-21,202.0,202.0,204.0,200.0,3591916.0
867,2022-07-22,202.0,203.0,204.0,200.0,4703949.0
868,2022-07-25,200.0,200.0,201.0,198.0,5298144.0
869,2022-07-26,198.0,200.0,200.0,198.0,4157919.0
870,2022-07-27,201.0,200.0,201.0,198.5,5756790.0
871,2022-08-01,202.0,201.0,203.0,200.0,6404113.0
872,2022-08-02,202.0,203.0,205.0,201.0,6197433.0
873,2022-08-03,202.0,203.0,203.0,201.0,2976423.0
874,2022-08-04,202.0,202.0,203.0,201.0,2364698.0
875,2022-08-05,202.0,203.0,203.0,201.0,2602848.0
876,2022-08-08,203.0,203.0,203.0,201.0,4580513.0
877,2022-08-09,205.0,203.0,205.0,202.0,4144822.0
878,2022-08-10,202.0,204.0,205.0,201.0,6114838.0
879,2022-08-11,199.5,202.0,203.0,198.5,9794233.0
880,2022-08-15,201.0,201.0,203.0,200.0,4682140.0
881,2022-08-16,201.0,202.0,202.0,200.0,5282094.0
882,2022-08-17,200.0,200.0,201.0,199.0,6732042.0
883,2022-08-18,200.0,199.5,201.0,199.5,3989408.0
884,2022-08-19,196.0,197.0,198.5,196.0,7767519.0
885,2022-08-22,194.0,196.0,196.5,193.5,7236614.0
886,2022-08-23,193.5,194.0,195.5,192.5,8819589.0
887,2022-08-24,193.0,193.5,193.5,192.0,6105732.0
888,2022-08-25,192.5,194.0,194.5,192.0,5435527.0
889,2022-08-26,192.5,193.0,193.5,192.0,3804818.0
890,2022-08-29,191.5,190.5,191.5,189.5,6655919.0
891,2022-08-30,193.5,191.0,194.0,191.0,5949492.0
892,2022-08-31,192.0,192.0,193.5,192.0,9156299.0
893,2022-09-01,190.5,192.0,192.5,190.5,5713809.0
894,2022-09-02,191.5,190.5,192.0,190.0,3910568.0
895,2022-09-05,191.5,191.5,192.0,189.0,9149466.0
896,2022-09-06,193.5,191.0,194.0,190.5,9522907.0
897,2022-09-07,193.5,193.5,194.0,192.5,7099286.0
898,2022-09-08,193.0,193.0,193.5,192.5,5785491.0
899,2022-09-09,192.5,193.0,193.5,191.5,4916545.0
900,2022-09-12,192.0,192.0,193.0,191.5,3616515.0
901,2022-09-13,196.0,192.5,196.5,192.0,11938819.0
902,2022-09-14,195.0,194.5,196.0,194.5,8762704.0
903,2022-09-15,194.0,195.0,195.5,193.0,6664399.0
904,2022-09-16,193.0,193.0,194.0,192.5,5725798.0
905,2022-09-19,191.0,193.0,193.0,190.0,5475120.0
906,2022-09-20,191.0,191.0,192.5,190.0,5591867.0
907,2022-09-21,193.5,192.0,196.0,191.5,16909631.0
908,2022-09-22,194.0,193.5,194.5,192.5,4764113.0
909,2022-09-23,193.0,193.0,193.5,192.5,3054372.0
910,2022-09-26,198.5,192.5,200.0,192.0,19162099.0
911,2022-09-27,197.5,199.0,201.0,197.0,8665851.0
912,2022-09-28,197.5,196.5,200.0,196.0,8792699.0
913,2022-09-29,195.5,197.5,198.5,194.5,6700831.0
914,2022-09-30,195.0,195.5,197.0,194.5,5224834.0
915,2022-10-03,192.0,194.5,195.0,191.5,8465155.0
916,2022-10-04,193.0,192.0,194.0,190.0,7986269.0
917,2022-10-05,190.0,192.5,193.0,190.0,9981021.0
918,2022-10-06,186.5,190.0,190.5,185.0,20100998.0
919,2022-10-07,186.5,186.0,188.0,186.0,3680566.0
920,2022-10-10,184.5,186.0,186.0,184.0,6271024.0
921,2022-10-11,185.0,186.5,186.5,184.5,4800194.0
922,2022-10-12,184.5,185.0,185.0,183.5,3340238.0
923,2022-10-17,185.0,184.5,185.0,181.5,5457391.0
924,2022-10-18,185.0,185.0,187.5,184.0,8033824.0
925,2022-10-19,185.5,184.0,185.5,184.0,3705048.0
926,2022-10-20,189.0,185.5,190.0,184.5,14220747.0
927,2022-10-21,187.0,190.0,191.0,186.0,11682493.0
928,2022-10-25,185.5,187.0,187.5,185.0,5210521.0
929,2022-10-26,187.5,185.5,188.0,185.5,4509231.0
930,2022-10-27,188.0,188.0,188.5,187.0,5041569.0
931,2022-10-28,189.0,188.0,189.0,188.0,4207421.0
932,2022-10-31,191.0,189.5,191.5,189.0,8133479.0
933,2022-11-01,193.5,191.0,193.5,191.0,6186900.0
934,2022-11-02,192.5,193.5,194.0,192.5,6325489.0
935,2022-11-03,191.5,192.0,193.0,191.5,4564909.0
936,2022-11-04,187.0,192.0,192.0,186.5,14607740.0
937,2022-11-07,185.0,187.5,187.5,184.5,9744604.0
938,2022-11-08,187.5,185.0,188.5,185.0,6052445.0
939,2022-11-09,188.0,188.0,188.0,186.5,5554684.0
940,2022-11-10,186.5,186.0,187.0,185.0,6023533.0
941,2022-11-11,189.0,188.5,189.5,187.5,7633832.0
942,2022-11-14,188.5,188.0,190.0,188.0,4687243.0
943,2022-11-15,187.5,189.0,189.0,187.0,5068551.0
944,2022-11-16,187.5,187.0,189.0,187.0,5651815.0
945,2022-11-17,187.0,187.5,187.5,186.0,6149922.0
946,2022-11-18,190.0,188.0,190.0,187.5,7922992.0
947,2022-11-21,190.5,189.5,191.0,188.5,4997503.0
948,2022-11-22,190.0,190.5,191.5,189.5,7787530.0
949,2022-11-23,190.0,190.0,191.0,189.5,4281811.0
950,2022-11-24,189.0,190.5,191.0,188.0,4727211.0
951,2022-11-25,188.5,188.5,189.0,187.0,3167925.0
952,2022-11-28,188.5,188.0,189.0,187.0,2321835.0
953,2022-11-29,190.0,189.0,190.5,189.0,3565557.0
954,2022-11-30,189.0,189.0,190.0,188.5,8368831.0
955,2022-12-01,190.0,190.0,190.5,189.0,2909581.0
956,2022-12-02,188.5,190.0,190.0,188.5,3419290.0
957,2022-12-06,185.0,188.0,188.5,183.0,11269584.0
958,2022-12-07,186.5,185.0,187.5,185.0,3789127.0
959,2022-12-08,186.5,187.0,187.0,185.5,2848924.0
960,2022-12-09,187.0,186.0,187.5,186.0,2855888.0
961,2022-12-13,186.5,188.0,188.0,186.0,3785784.0
962,2022-12-14,186.5,187.0,187.0,185.5,3859100.0
963,2022-12-15,185.5,186.0,186.5,185.0,2777515.0
964,2022-12-16,185.0,185.0,186.0,184.5,4993240.0
965,2022-12-19,186.0,186.0,186.5,184.5,2956399.0
966,2022-12-20,186.0,186.0,187.0,185.0,2004036.0
967,2022-12-21,188.0,186.5,188.5,186.0,4695125.0
968,2022-12-22,188.5,189.0,189.5,188.0,4637366.0
969,2022-12-23,190.0,188.0,190.0,188.0,4748237.0
970,2022-12-26,192.0,190.5,193.0,190.0,7571852.0
971,2022-12-27,193.5,192.5,194.0,192.0,5128851.0
972,2022-12-28,194.0,194.0,195.0,193.5,3692182.0
973,2022-12-29,196.0,194.0,196.0,193.5,4648328.0
974,2022-12-30,195.0,196.0,197.0,194.5,6036469.0
975,2023-01-03,194.5,196.0,196.5,194.5,2993519.0
976,2023-01-04,197.0,194.5,197.5,194.0,5079778.0
977,2023-01-05,201.0,197.0,202.0,196.5,13629702.0
978,2023-01-06,201.0,201.0,202.0,199.5,4263966.0
979,2023-01-09,203.0,202.0,203.0,201.0,4564272.0
980,2023-01-10,203.0,204.0,204.0,202.0,4854592.0
981,2023-01-11,199.0,203.0,204.0,199.0,6665849.0
982,2023-01-12,201.0,200.0,203.0,199.5,7080621.0
983,2023-01-13,202.0,202.0,203.0,200.0,4047603.0
984,2023-01-16,202.0,203.0,203.0,201.0,3681795.0
985,2023-01-17,201.0,201.0,202.0,200.0,4377550.0
986,2023-01-18,202.0,200.0,202.0,200.0,3824023.0
987,2023-01-19,202.0,201.0,202.0,200.0,3115943.0
988,2023-01-20,200.0,202.0,202.0,200.0,4367567.0
989,2023-01-23,201.0,200.0,202.0,200.0,2552069.0
990,2023-01-24,200.0,201.0,202.0,200.0,2341959.0
991,2023-01-25,201.0,200.0,201.0,199.0,2432818.0
992,2023-01-26,200.0,201.0,202.0,199.0,4415155.0
993,2023-01-27,200.0,200.0,201.0,199.0,1975550.0
994,2023-01-30,197.5,200.0,201.0,196.5,8756197.0
995,2023-01-31,195.0,196.5,197.5,195.0,8280730.0
996,2023-02-01,198.0,196.0,198.5,196.0,4760772.0
997,2023-02-02,197.5,198.5,200.0,197.0,5755390.0
998,2023-02-03,198.5,197.5,198.5,197.0,2401870.0
999,2023-02-06,197.0,198.5,198.5,197.0,2112826.0
1000,2023-02-07,196.5,197.0,198.0,196.0,3223977.0
1001,2023-02-08,195.5,196.0,196.5,195.0,3770659.0
1002,2023-02-09,199.5,195.0,201.0,194.0,11698104.0
1003,2023-02-10,206.0,202.0,206.0,201.0,17037520.0
1004,2023-02-13,210.0,208.0,210.0,207.0,11099764.0
1005,2023-02-14,208.0,211.0,211.0,206.0,8697801.0
1006,2023-02-15,209.0,207.0,210.0,206.0,5608181.0
1007,2023-02-16,211.0,209.0,212.0,208.0,6838734.0
1008,2023-02-17,209.0,210.0,211.0,208.0,6407369.0
1009,2023-02-20,209.0,208.0,210.0,207.0,5040643.0
1010,2023-02-21,210.0,210.0,211.0,208.0,10703583.0
1011,2023-02-22,208.0,206.0,208.0,206.0,5606917.0
1012,2023-02-23,206.0,207.0,208.0,205.0,9114661.0
1013,2023-02-24,201.0,205.0,206.0,201.0,9810346.0
1014,2023-02-27,200.0,201.0,201.0,198.5,7385187.0
1015,2023-02-28,202.0,201.0,203.0,200.0,5707934.0
1016,2023-03-01,202.0,202.0,204.0,201.0,7671418.0
1017,2023-03-02,202.0,202.0,203.0,200.0,5281511.0
1018,2023-03-03,203.0,203.0,203.0,200.0,4208290.0
1019,2023-03-07,204.0,204.0,205.0,202.0,7245453.0
1020,2023-03-08,204.0,201.0,204.0,201.0,6517865.0
1021,2023-03-09,207.0,205.0,208.0,203.0,9664819.0
1022,2023-03-10,209.0,206.0,209.0,205.0,7553086.0
1023,2023-03-13,202.0,210.0,210.0,201.0,11562188.0
1024,2023-03-14,201.0,200.0,207.0,200.0,13590778.0
1025,2023-03-15,205.0,203.0,207.0,201.0,8991010.0
1026,2023-03-16,207.0,202.0,207.0,202.0,7315435.0
1027,2023-03-17,206.0,208.0,208.0,204.0,8669634.0
1028,2023-03-20,209.0,207.0,210.0,206.0,10095610.0
1029,2023-03-21,214.0,210.0,215.0,208.0,13744720.0
1030,2023-03-22,214.0,214.0,214.0,211.0,9262074.0
1031,2023-03-23,213.0,214.0,215.0,211.0,8107935.0
1032,2023-03-24,213.0,215.0,215.0,212.0,5703211.0
1033,2023-03-27,212.0,213.0,213.0,210.0,4304070.0
1034,2023-03-28,214.0,213.0,214.0,211.0,3295245.0
1035,2023-03-29,212.0,214.0,214.0,211.0,4422022.0
1036,2023-03-30,211.0,212.0,213.0,211.0,4400715.0
1037,2023-03-31,212.0,212.0,213.0,211.0,3225468.0
1038,2023-04-03,213.0,213.0,213.0,211.0,2613831.0
1039,2023-04-04,213.0,213.0,214.0,211.0,5134765.0
1040,2023-04-05,209.0,213.0,213.0,209.0,4479119.0
1041,2023-04-07,210.0,207.0,210.0,206.0,3625195.0
1042,2023-04-10,212.0,211.0,213.0,209.0,4217458.0
1043,2023-04-11,213.0,212.0,213.0,211.0,3172014.0
1044,2023-04-12,211.0,213.0,214.0,210.0,3786732.0
1045,2023-04-17,213.0,213.0,215.0,211.0,4653621.0
1046,2023-04-18,212.0,213.0,214.0,212.0,3448429.0
1047,2023-04-19,212.0,212.0,214.0,211.0,4751540.0
1048,2023-04-20,210.0,211.0,212.0,209.0,4691365.0
1049,2023-04-21,209.0,210.0,211.0,207.0,4717291.0
1050,2023-04-24,208.0,209.0,209.0,206.0,5828947.0
1051,2023-04-25,208.0,207.0,210.0,206.0,6073743.0
1052,2023-04-26,212.0,208.0,212.0,208.0,4258760.0
1053,2023-04-27,214.0,213.0,216.0,212.0,11134929.0
1054,2023-04-28,214.0,214.0,216.0,212.0,4334522.0
1055,2023-05-02,214.0,215.0,215.0,213.0,2333229.0
1056,2023-05-03,214.0,213.0,215.0,210.0,6268149.0
1057,2023-05-08,219.0,213.0,220.0,213.0,10299376.0
1058,2023-05-09,218.0,219.0,219.0,216.0,5368388.0
1059,2023-05-10,220.0,218.0,221.0,217.0,3978066.0
1060,2023-05-11,219.0,220.0,221.0,219.0,3076900.0
1061,2023-05-12,221.0,219.0,221.0,218.0,4503443.0
1062,2023-05-15,211.0,222.0,222.0,210.0,13447646.0
1063,2023-05-16,213.0,212.0,215.0,211.0,7063144.0
1064,2023-05-17,215.0,215.0,216.0,214.0,5092000.0
1065,2023-05-18,211.0,215.0,215.0,211.0,4419643.0
1066,2023-05-19,210.0,211.0,212.0,209.0,3591550.0
1067,2023-05-22,212.0,209.0,212.0,206.0,5551054.0
1068,2023-05-23,213.0,212.0,213.0,210.0,3308226.0
1069,2023-05-24,211.0,212.0,213.0,211.0,2438724.0
1070,2023-05-25,212.0,212.0,213.0,210.0,3818803.0
1071,2023-05-26,212.0,211.0,213.0,210.0,2330453.0
1072,2023-05-29,212.0,212.0,214.0,211.0,3865083.0
1073,2023-05-30,212.0,212.0,213.0,211.0,3526382.0
1074,2023-05-31,211.0,211.0,213.0,211.0,6575842.0
1075,2023-06-01,210.0,211.0,213.0,208.0,4207923.0
1076,2023-06-02,212.0,210.0,213.0,208.0,4179460.0
1077,2023-06-06,214.0,214.0,214.0,211.0,4436346.0
1078,2023-06-07,215.0,215.0,215.0,213.0,5498950.0
1079,2023-06-08,217.0,215.0,218.0,214.0,5332088.0
1080,2023-06-09,219.0,217.0,219.0,217.0,5102588.0
1081,2023-06-12,218.0,218.0,219.0,216.0,3391263.0
1082,2023-06-13,218.0,217.0,219.0,216.0,3614051.0
1083,2023-06-14,218.0,217.0,218.0,215.0,2746922.0
1084,2023-06-15,218.0,218.0,218.0,216.0,3523604.0
1085,2023-06-16,218.0,218.0,219.0,216.0,5036274.0
1086,2023-06-19,216.0,217.0,218.0,215.0,1552717.0
1087,2023-06-20,219.0,217.0,219.0,216.0,3757759.0
1088,2023-06-21,216.0,219.0,219.0,216.0,3263216.0
1089,2023-06-22,212.0,216.0,216.0,211.0,5326449.0
1090,2023-06-23,211.0,211.0,213.0,209.0,4423809.0
1091,2023-06-26,210.0,211.0,213.0,210.0,2796689.0
1092,2023-06-27,210.0,211.0,213.0,210.0,3277070.0
1093,2023-06-28,212.0,211.0,212.0,210.0,3915217.0
1094,2023-06-29,211.0,212.0,213.0,211.0,3416544.0
1095,2023-06-30,214.0,213.0,216.0,211.0,6949162.0
1096,2023-07-03,212.0,215.0,215.0,210.0,4515201.0
1097,2023-07-04,214.0,211.0,215.0,209.0,7484775.0
1098,2023-07-05,216.0,215.0,218.0,215.0,7137172.0
1099,2023-07-06,216.0,218.0,219.0,215.0,4809055.0
1100,2023-07-07,214.0,215.0,217.0,214.0,3856294.0
1101,2023-07-10,214.0,215.0,216.0,213.0,3990807.0
1102,2023-07-11,216.0,214.0,216.0,213.0,3819535.0
1103,2023-07-12,217.0,217.0,218.0,215.0,5575379.0
1104,2023-07-13,218.0,218.0,219.0,217.0,3743896.0
1105,2023-07-14,222.0,219.0,222.0,218.0,6238281.0
1106,2023-07-17,222.0,223.0,223.0,220.0,5481898.0
1107,2023-07-18,225.0,222.0,225.0,221.0,3126400.0
1108,2023-07-19,221.0,224.0,225.0,220.0,5923843.0
1109,2023-07-20,220.0,221.0,222.0,219.0,3845542.0
1110,2023-07-21,222.0,220.0,223.0,218.0,4517154.0
1111,2023-07-24,222.0,222.0,223.0,221.0,2178078.0
1112,2023-07-25,222.0,222.0,223.0,220.0,2080727.0
1113,2023-07-26,223.0,222.0,223.0,221.0,2119803.0
1114,2023-07-27,224.0,223.0,225.0,221.0,5150835.0
1115,2023-07-31,226.0,225.0,227.0,223.0,7942727.0
1116,2023-08-02,226.0,222.0,228.0,222.0,5792001.0
1117,2023-08-03,222.0,226.0,227.0,222.0,5546386.0
1118,2023-08-04,224.0,222.0,226.0,222.0,2894730.0
1119,2023-08-07,224.0,224.0,226.0,222.0,4980655.0
1120,2023-08-08,220.0,223.0,225.0,220.0,5931769.0
1121,2023-08-09,222.0,220.0,222.0,218.0,3694106.0
1122,2023-08-10,221.0,221.0,222.0,219.0,4640718.0
1123,2023-08-11,221.0,221.0,222.0,220.0,2196411.0
1124,2023-08-15,221.0,222.0,222.0,219.0,2668730.0
1125,2023-08-16,222.0,220.0,222.0,218.0,5807894.0
1126,2023-08-17,223.0,221.0,223.0,220.0,4223664.0
1127,2023-08-18,222.0,220.0,223.0,219.0,7469183.0
1128,2023-08-21,222.0,222.0,222.0,219.0,5714943.0
1129,2023-08-22,221.0,222.0,223.0,219.0,6751030.0
1130,2023-08-23,222.0,220.0,223.0,220.0,4643395.0
1131,2023-08-24,220.0,223.0,223.0,220.0,4640032.0
1132,2023-08-25,218.0,219.0,220.0,216.0,7527632.0
1133,2023-08-28,219.0,218.0,219.0,216.0,3480883.0
1134,2023-08-29,214.0,219.0,220.0,213.0,12844355.0
1135,2023-08-30,217.0,217.0,219.0,215.0,8103649.0
1136,2023-08-31,216.0,216.0,218.0,215.0,6567041.0
1137,2023-09-01,215.0,216.0,217.0,214.0,3496605.0
1138,2023-09-04,213.0,214.0,215.0,212.0,4376820.0
1139,2023-09-05,214.0,213.0,215.0,212.0,2959509.0
1140,2023-09-06,214.0,214.0,216.0,213.0,3901719.0
1141,2023-09-07,216.0,214.0,217.0,214.0,3712232.0
1142,2023-09-08,216.0,216.0,217.0,215.0,2961964.0
1143,2023-09-11,218.0,217.0,218.0,215.0,4417618.0
1144,2023-09-12,219.0,218.0,219.0,216.0,4996325.0
1145,2023-09-13,219.0,218.0,220.0,217.0,2916303.0
1146,2023-09-14,221.0,220.0,221.0,219.0,3041838.0
1147,2023-09-15,222.0,221.0,223.0,219.0,6572553.0
1148,2023-09-18,222.0,222.0,223.0,221.0,3083813.0
1149,2023-09-19,225.0,223.0,225.0,222.0,7206711.0
1150,2023-09-20,221.0,225.0,225.0,221.0,6501156.0
1151,2023-09-21,222.0,221.0,224.0,220.0,3713224.0
1152,2023-09-22,228.0,224.0,231.0,223.0,11478617.0
1153,2023-09-25,226.0,229.0,229.0,226.0,2954810.0
1154,2023-09-26,225.0,225.0,228.0,225.0,6092794.0
1155,2023-09-27,226.0,224.0,228.0,224.0,3711941.0
1156,2023-09-28,225.0,226.0,228.0,224.0,5338817.0
1157,2023-09-29,228.0,227.0,228.0,226.0,6164536.0
1158,2023-10-02,228.0,229.0,230.0,226.0,7622360.0
1159,2023-10-03,226.0,227.0,228.0,224.0,8166733.0
1160,2023-10-04,226.0,224.0,227.0,224.0,4083340.0
1161,2023-10-05,225.0,226.0,226.0,222.0,3833715.0
1162,2023-10-06,223.0,226.0,226.0,222.0,2884503.0
1163,2023-10-09,223.0,223.0,224.0,220.0,2902643.0
1164,2023-10-10,222.0,224.0,224.0,220.0,2315411.0
1165,2023-10-11,222.0,222.0,224.0,221.0,3536940.0
1166,2023-10-12,224.0,222.0,224.0,222.0,2470091.0
1167,2023-10-16,223.0,224.0,224.0,221.0,4126628.0
1168,2023-10-17,222.0,224.0,224.0,222.0,1712933.0
1169,2023-10-18,225.0,222.0,225.0,222.0,2536553.0
1170,2023-10-19,226.0,226.0,227.0,223.0,4341357.0
1171,2023-10-20,220.0,225.0,225.0,220.0,4399682.0
1172,2023-10-24,215.0,220.0,221.0,215.0,5925842.0
1173,2023-10-25,216.0,216.0,219.0,215.0,3662541.0
1174,2023-10-26,215.0,216.0,219.0,215.0,4389795.0
1175,2023-10-27,217.0,216.0,218.0,215.0,3158422.0
1176,2023-10-30,219.0,216.0,220.0,216.0,2928320.0
1177,2023-10-31,220.0,223.0,224.0,219.0,7401666.0
1178,2023-11-01,212.0,217.0,217.0,211.0,10392470.0
1179,2023-11-02,215.0,214.0,217.0,212.0,7661590.0
1180,2023-11-03,219.0,217.0,219.0,216.0,4326433.0
1181,2023-11-06,222.0,220.0,223.0,220.0,6806710.0
1182,2023-11-07,221.0,224.0,226.0,221.0,8350520.0
1183,2023-11-08,224.0,222.0,224.0,221.0,3506915.0
1184,2023-11-09,222.0,223.0,224.0,221.0,4884356.0
1185,2023-11-10,222.0,222.0,223.0,221.0,3808423.0
1186,2023-11-13,225.0,222.0,225.0,221.0,2985942.0
1187,2023-11-14,223.0,225.0,227.0,222.0,4575375.0
1188,2023-11-15,218.0,224.0,225.0,217.0,9735989.0
1189,2023-11-16,218.0,217.0,220.0,217.0,4866623.0
1190,2023-11-17,218.0,218.0,220.0,217.0,3069661.0
1191,2023-11-20,216.0,217.0,218.0,215.0,3675738.0
1192,2023-11-21,216.0,216.0,217.0,214.0,6113599.0
1193,2023-11-22,218.0,217.0,219.0,215.0,3009977.0
1194,2023-11-23,218.0,218.0,219.0,216.0,2728365.0
1195,2023-11-24,217.0,218.0,218.0,215.0,3782597.0
1196,2023-11-27,216.0,217.0,217.0,215.0,2356518.0
1197,2023-11-28,217.0,217.0,219.0,216.0,3151287.0
1198,2023-11-29,218.0,218.0,218.0,217.0,2665303.0
1199,2023-11-30,218.0,218.0,218.0,217.0,6076604.0
1200,2023-12-01,219.0,218.0,219.0,217.0,2297806.0
1201,2023-12-04,221.0,219.0,222.0,218.0,6040767.0
1202,2023-12-06,221.0,221.0,222.0,219.0,4553083.0
1203,2023-12-07,220.0,219.0,220.0,217.0,3642827.0
1204,2023-12-08,220.0,220.0,220.0,218.0,2055619.0
1205,2023-12-12,220.0,220.0,220.0,218.0,2771815.0
1206,2023-12-13,218.0,219.0,220.0,217.0,2666267.0
1207,2023-12-14,218.0,219.0,220.0,218.0,3043059.0
1208,2023-12-15,220.0,219.0,220.0,218.0,5918609.0
1209,2023-12-18,218.0,220.0,220.0,218.0,1552259.0
1210,2023-12-19,219.0,218.0,219.0,217.0,2253680.0
1211,2023-12-20,220.0,219.0,221.0,219.0,3086644.0
